[{"path":"\/icon.jpg","checksum":"efd66821fcee72b91c77e81de39717fe"},{"path":"\/images\/bootstrap-switch.css","checksum":"e460dd3641ed82f36e2e678faefb2519"},{"path":"\/images\/bootstrap-switch.js","checksum":"0e52ba1d14275f77f42666ee867b3637"},{"path":"\/images\/bootstrapSwitch.css","checksum":"4ec8012bf606b301902d81255d521171"},{"path":"\/images\/cate1.jpg","checksum":"3600945070d710d4b2c77acfd49ce37d"},{"path":"\/images\/cate2.jpg","checksum":"c86d6c418d7eca99ddc0fcd30c0e114d"},{"path":"\/images\/cate3.jpg","checksum":"13a713df477713896e869123ef193d81"},{"path":"\/images\/cate4.jpg","checksum":"71338593bad169fa2046c043c32ffdd6"},{"path":"\/images\/choicecatimg.html","checksum":"1a11a7370b9442bbbbfad0f06289bfdd"},{"path":"\/images\/diy_head.jpg","checksum":"e2005f5743c9c7ff15ccd01d6c7f1c69"},{"path":"\/images\/loading.gif","checksum":"50c5e3e79b276c92df6cc52caeb464f0"},{"path":"\/images\/miniinfo.png","checksum":"ae02a23e93aa14a184207b7a1a5d94f9"},{"path":"\/images\/nav1.jpg","checksum":"c843abb81daacf95e4bc89f5d6ab29fa"},{"path":"\/images\/nav1.png","checksum":"8688cf3dd3e2d1d9459f3edc76a20c49"},{"path":"\/images\/nav2.jpg","checksum":"044652aac23155223e66acad870fc78b"},{"path":"\/images\/nav2.png","checksum":"6529b7b936be6506be12f52f6aaf1586"},{"path":"\/images\/nav3.jpg","checksum":"e0421a3c3e6c97f8bac881eb546d59ef"},{"path":"\/images\/nav3.png","checksum":"30038eb0d4990223f06bd7cd84d29cde"},{"path":"\/images\/nav4.png","checksum":"99b1d6f9e6ae9f1d6e0d017f0f3386bd"},{"path":"\/images\/navbar.jpg","checksum":"c4963a5d7ff59b35be3875cf73bd26c6"},{"path":"\/images\/sms.jpg","checksum":"82cec6607e0d12e5acc709106d794fbf"},{"path":"\/images\/smtp1.jpg","checksum":"6c3ba1e8480c34e83f927bdc3598303e"},{"path":"\/images\/smtp2.jpg","checksum":"37bc8a13611b4923b5de270e5bc4fa22"},{"path":"\/images\/STHeiti-Light.ttc","checksum":"9feecedb402c59c48e8134e41d44790e"},{"path":"\/images\/title1.jpg","checksum":"fac95b161d5ffdd5204e4cee2ee29ca4"},{"path":"\/images\/title2.jpg","checksum":"4daff2ddd68319e1250498f20ab8bd09"},{"path":"\/images\/title3.jpg","checksum":"b380e002c6ca46800bc2b7dc59f39b55"},{"path":"\/images\/title4.jpg","checksum":"57f3c539b2e16f1790dcad2542d825da"},{"path":"\/install.php","checksum":"c27ed43587d1ddefb3123077438998dd"},{"path":"\/map.json","checksum":"54d2246a282bd21e8338e4045181172c"},{"path":"\/module.php","checksum":"8f2b6a8ab2cfb2ddba6996338dd74bcf"},{"path":"\/pay\/cert\/apiclient_cert.pem","checksum":"4835e35ae0eb6012362facd46e182162"},{"path":"\/pay\/cert\/apiclient_key.pem","checksum":"fbf5055d4c3e64f8175e27c9da67386b"},{"path":"\/pay\/example\/download.php","checksum":"5a2aca56bbda653ad8abeaa724595059"},{"path":"\/pay\/example\/jsapi.php","checksum":"f23cfe322449764eb9838de085fb0b19"},{"path":"\/pay\/example\/log.php","checksum":"0b7e61af880ff5e9a84f6f31131fac39"},{"path":"\/pay\/example\/micropay.php","checksum":"b5ec780b107653d8930fce209e0d5d94"},{"path":"\/pay\/example\/native.php","checksum":"efb2bf2d945d9f3ad16fcd740ef1c468"},{"path":"\/pay\/example\/native_notify.php","checksum":"19d53f8a31d043f991122a9d11639ea1"},{"path":"\/pay\/example\/notify.php","checksum":"274bdc26b90be3bffc7b08399dac6410"},{"path":"\/pay\/example\/orderquery.php","checksum":"ad531e498a2d2067bf4c3e8d7950686f"},{"path":"\/pay\/example\/phpqrcode\/phpqrcode.php","checksum":"5d6fa18048ed122bc94aec4f88b173d0"},{"path":"\/pay\/example\/qrcode.php","checksum":"28e8bc61a733454acaecc5424731c0a4"},{"path":"\/pay\/example\/refund.php","checksum":"6bfcbcc734b9bacdedbf7b34a6e4ff72"},{"path":"\/pay\/example\/refundquery.php","checksum":"6e5fc2a1070978c0493e61281ee83ec0"},{"path":"\/pay\/example\/test.php","checksum":"f74a65cf2253346fa48fa6031e0341b9"},{"path":"\/pay\/example\/WxPay.JsApiPay.php","checksum":"d5ca11bc71fe0099559bae52815bc716"},{"path":"\/pay\/example\/WxPay.MicroPay.php","checksum":"ac7a2d7e85a9bcba8fc6a88f2e3dc98d"},{"path":"\/pay\/example\/WxPay.NativePay.php","checksum":"ae9b04b86a2e64f6a29e4d682920af74"},{"path":"\/pay\/index.php","checksum":"017896ad94cc7d959c3da4d22b54d435"},{"path":"\/pay\/lib\/WxPay.Api.php","checksum":"1b4ae3eff6988a40ff88fcefc61b0045"},{"path":"\/pay\/lib\/WxPay.Config.php","checksum":"28de4897c535d794b3a1a6e6d9b99f4e"},{"path":"\/pay\/lib\/WxPay.Data.php","checksum":"1cf543b6ee358667d2865b1b0dfc5a70"},{"path":"\/pay\/lib\/WxPay.Exception.php","checksum":"adfaaaaf9e750e734fb759bc95a15b7a"},{"path":"\/pay\/lib\/WxPay.Notify.php","checksum":"6bee71690996c7759694615013231ba1"},{"path":"\/preview.jpg","checksum":"e5236333e444e88140ad43cefad190c7"},{"path":"\/public\/css\/bootstrap\/css\/bootstrap-ie6.css","checksum":"d234773909bb504dc0fd01b2cbe1176c"},{"path":"\/public\/css\/bootstrap\/css\/bootstrap-ie6.min.css","checksum":"4809bfa2b6c43abb38e6fd38bffe24be"},{"path":"\/public\/css\/bootstrap\/css\/bootstrap-responsive.css","checksum":"d2c30d07a98d50e945570bf32c56435f"},{"path":"\/public\/css\/bootstrap\/css\/bootstrap-responsive.min.css","checksum":"365a247af4036532701d83957e490adc"},{"path":"\/public\/css\/bootstrap\/css\/bootstrap.css","checksum":"08f2256002f66a415dbc2e8afb722d70"},{"path":"\/public\/css\/bootstrap\/css\/bootstrap.min.css","checksum":"282663d1dc8a60dcef58304c09005aa5"},{"path":"\/public\/css\/bootstrap\/css\/ie.css","checksum":"80c827092fd038bcd67c918266afac65"},{"path":"\/public\/css\/bootstrap\/img\/glyphicons-halflings-white.png","checksum":"9bbc6e9602998a385c2ea13df56470fd"},{"path":"\/public\/css\/bootstrap\/img\/glyphicons-halflings.png","checksum":"2516339970d710819585f90773aebe0a"},{"path":"\/public\/css\/bootstrap\/js\/bootstrap.js","checksum":"6acc95f5a6111a464f06f3074e2dffeb"},{"path":"\/public\/css\/bootstrap\/js\/bootstrap.min.js","checksum":"bed31fb959612a0a77d8e87b9d0b3683"},{"path":"\/public\/css\/doc.css","checksum":"094834692a13bb5e9adbc1a104713d72"},{"path":"\/public\/css\/form.css","checksum":"1c24d311ed6ec3badaea56b7680facd5"},{"path":"\/public\/css\/site.css","checksum":"ea4d39c4701fc0a0a3001155e0e67357"},{"path":"\/public\/js\/formbuild\/bootstrap\/css\/bootstrap-ie6.css","checksum":"d234773909bb504dc0fd01b2cbe1176c"},{"path":"\/public\/js\/formbuild\/bootstrap\/css\/bootstrap-ie6.min.css","checksum":"4809bfa2b6c43abb38e6fd38bffe24be"},{"path":"\/public\/js\/formbuild\/bootstrap\/css\/bootstrap.css","checksum":"7ca2e017dcb9cbb0305acfd55566827f"},{"path":"\/public\/js\/formbuild\/bootstrap\/css\/bootstrap.v3.css","checksum":"13db61d74645a60cafc7de4f9b38fe16"},{"path":"\/public\/js\/formbuild\/bootstrap\/css\/ie.css","checksum":"80c827092fd038bcd67c918266afac65"},{"path":"\/public\/js\/formbuild\/bootstrap\/js\/bootstrap.min.js","checksum":"aabe25ca085001cce9fbaf5ab575807d"},{"path":"\/public\/js\/formbuild\/leipi.form.build.core.js","checksum":"cfb0fca26e156387f1095c1cd848f2ca"},{"path":"\/public\/js\/formbuild\/leipi.form.build.plugins.js","checksum":"ab536d56c3af6c28b3d318275584a977"},{"path":"\/public\/js\/jquery-1.7.2.min.js","checksum":"b8d64d0bc142b3f670cc0611b0aebcae"},{"path":"\/site.php","checksum":"716762e123acbaf14734f8393d29df4b"},{"path":"\/template\/addarrange.html","checksum":"76c1519033fcd0cf939328b7d680e9c5"},{"path":"\/template\/addcat.html","checksum":"d59c1c8baf16cc00b92aeb88791186f7"},{"path":"\/template\/addcoupon.html","checksum":"76679b8f7ced9cf8ef2cc8f7b9652bea"},{"path":"\/template\/additem.html","checksum":"9e3dc8a1d20009f3f0d4dd9662ed9514"},{"path":"\/template\/addlevel.html","checksum":"3ad38b6642cdfc11cf0de0e2cda49620"},{"path":"\/template\/addperson.html","checksum":"5761e72eded3ec14e9f8e1ea2d5c0e54"},{"path":"\/template\/addshop.html","checksum":"f5dfcb6b41d3bb2681219c375d0a0af1"},{"path":"\/template\/arrange.html","checksum":"fe5f5383c4eacdd2b9ef47974aeaa9fd"},{"path":"\/template\/cat.html","checksum":"3679f85594d52e51a6765481243041bf"},{"path":"\/template\/cateinfo.html","checksum":"60a23ec50a35b5aa94a488d4529f9a0a"},{"path":"\/template\/choicecatimg.html","checksum":"668dce9e57ff9dc353f42fedca4a0533"},{"path":"\/template\/comment.html","checksum":"b8078c1efe03d6281c1de0a873ee076d"},{"path":"\/template\/copy.html","checksum":"5153a6952eb2a3ccdbcce1b4b81f2ba9"},{"path":"\/template\/coupon.html","checksum":"0c1c096c2e55a6e95e680d4ea7946efe"},{"path":"\/template\/editarrange.html","checksum":"c0f084e8e91430ff2497c4be4e7ca55a"},{"path":"\/template\/editcat.html","checksum":"f461b4f48f730e8cf38f83fb64d12fb6"},{"path":"\/template\/editcoupon.html","checksum":"e7b4048eec983e741a88ea564b76a94d"},{"path":"\/template\/edititem.html","checksum":"8438c8b8a057cbd652555e1dc3039a6f"},{"path":"\/template\/editlevel.html","checksum":"6130853253718863506fbe0007d9061e"},{"path":"\/template\/editmember.html","checksum":"44053c4de230a735649fe62c1e08b6da"},{"path":"\/template\/editperson.html","checksum":"1dc4a2f02b8f29fd24850f0b3a48ceab"},{"path":"\/template\/editshop.html","checksum":"18342f1ef32a783f9c77d8ba8849142a"},{"path":"\/template\/form.html","checksum":"6210746d36aa172fbcb357e677ebea22"},{"path":"\/template\/grouporder.html","checksum":"889c574c0607d8584cebbb1c61e17557"},{"path":"\/template\/grouporderinfo.html","checksum":"29d2b3cd3c67f3c24f82252eae5836eb"},{"path":"\/template\/item.html","checksum":"e8b7013c1de485e547e25153de2793b6"},{"path":"\/template\/level.html","checksum":"dc8023c52e1bd17cc91f333846274c0e"},{"path":"\/template\/member.html","checksum":"c9a08eb451ea530ca24480ff3bcea1e7"},{"path":"\/template\/miniinfo.html","checksum":"7dbf88cfd055db73f5553eac5ee247a0"},{"path":"\/template\/mould.html","checksum":"e3048c5f84f2109862d2500eafa7978a"},{"path":"\/template\/navexplain.html","checksum":"3a65563229de08f06c1c266df48c2169"},{"path":"\/template\/notice.html","checksum":"cd1fbecb37e6135ceaf5d4a73e812d99"},{"path":"\/template\/order.html","checksum":"6f6548cfbf136f0829839a500760069f"},{"path":"\/template\/orderinfo.html","checksum":"1e3b979a915506b998fdd0c30790f2f0"},{"path":"\/template\/parameter.html","checksum":"f4b71c675504d0bcb01241328b12a542"},{"path":"\/template\/person.html","checksum":"afc9d5a585ee151ea8393bcf6aab1a9c"},{"path":"\/template\/persontime.html","checksum":"77dfa11805461dbed95b716cbeb41c82"},{"path":"\/template\/recharge.html","checksum":"a22103d09b29e41fc7b85c408d0be7b3"},{"path":"\/template\/rechargelist.html","checksum":"2d74370add39e5328ed5b11e948edbcd"},{"path":"\/template\/shop.html","checksum":"f06dd465ccdb40e5a562a5448c0a992e"},{"path":"\/template\/smtp.html","checksum":"31daf111212d1450a3492b2072009f4f"},{"path":"\/template\/style.html","checksum":"14d1468b8146a6d5a7f1fd73122fc7df"},{"path":"\/template\/sysinfo.html","checksum":"8aa28687eaebaaaddf57adbbc72bc9ae"},{"path":"\/template\/tabbar.html","checksum":"adbb994464a04969ff6ca48c3dd9a481"},{"path":"\/template\/titleexplain.html","checksum":"58a19bd0bb06ccc48bc8f83592579068"},{"path":"\/unstall.php","checksum":"f170cb7fe063d6ab6b865287b46ff524"},{"path":"\/upgrade.php","checksum":"dfb2596165f8b9149350d1a084b1db74"},{"path":"\/wx\/grouporder.php","checksum":"17b4ef72ad17499e141c3d69fc7a3a24"},{"path":"\/wx\/weburl.php","checksum":"49401d72b522a28b2a2dbd53c2ee69c4"},{"path":"\/wxapp.php","checksum":"91656eaa5a290813bc96619d28282b1e"},{"path":"\/lib\/lib_arrange.php","checksum":"7d0351da3d786187692428f85f0defda"},{"path":"\/lib\/lib_category.php","checksum":"c86f20208d0c3e71fb89c481e9655a0d"},{"path":"\/lib\/lib_comment.php","checksum":"33f2c6d308369f27c7f352385db899b2"},{"path":"\/lib\/lib_copy.php","checksum":"e90af9588df6114730346fbce929cbad"},{"path":"\/lib\/lib_coupon.php","checksum":"aea0db4bb0d0ebb1822126b238c0e45b"},{"path":"\/lib\/lib_form.php","checksum":"f349bd0875c7f260d7e1e883b7dac90b"},{"path":"\/lib\/lib_grouporder.php","checksum":"027f4f827efc166930480868b19a518c"},{"path":"\/lib\/lib_item.php","checksum":"4e6a57dccb03b92b1ab672e6aa6cd490"},{"path":"\/lib\/lib_level.php","checksum":"87a7f0f8a85e59cd35758fcb260446b4"},{"path":"\/lib\/lib_member.php","checksum":"48f166ff7a5b8f928328dfc1205b1ddb"},{"path":"\/lib\/lib_mould.php","checksum":"8918d477b9564e47a7e0306a1e279e1a"},{"path":"\/lib\/lib_notice.php","checksum":"8eb610340929697a1a5d10c6579f8f93"},{"path":"\/lib\/lib_order.php","checksum":"06545ab1bf2fd4ca138f809bd04f8578"},{"path":"\/lib\/lib_orderinfo.php","checksum":"73f34b3b472db25c1c013f79e2d2792c"},{"path":"\/lib\/lib_parameter.php","checksum":"2b3bec22d8a252fccbc792e0a4a546c1"},{"path":"\/lib\/lib_person.php","checksum":"be4f2dfba84703f18fff41fb92318c83"},{"path":"\/lib\/lib_persontime.php","checksum":"0ae68e92594eefbd21622dd5f5d60502"},{"path":"\/lib\/lib_recharge.php","checksum":"d49bfd9120423933fa04c5ac49c08360"},{"path":"\/lib\/lib_shop.php","checksum":"2e0a28f80c19c1fad676bfb459acc19b"},{"path":"\/lib\/lib_style.php","checksum":"96fc5df0f767815795e125a41b5d76ac"},{"path":"\/lib\/lib_smtp.php","checksum":"f9f2cf04ebc88cf15d8827aff5feea0b"},{"path":"\/lib\/lib_sysinfo.php","checksum":"e66fcd4d2b4837d7b456a90f38822fd7"},{"path":"\/lib\/lib_tabbar.php","checksum":"a661a839433473d093ca4c7a839a1049"},{"path":"\/wx\/about.php","checksum":"9e4e88722b78848180b64104518ed301"},{"path":"\/wx\/comment.php","checksum":"405ab9b628ce21a2abe1077c8b140b8d"},{"path":"\/wx\/coupon.php","checksum":"198b596f1e2f30b1e8a3a677130b185b"},{"path":"\/wx\/creatbill.php","checksum":"2a19e2aab4657184403561745d19b630"},{"path":"\/wx\/person.php","checksum":"b82aaecf63b688570c5281b00342feb5"},{"path":"\/wx\/ordertime.php","checksum":"2177b56503752442af8a5316212c76a5"},{"path":"\/wx\/order.php","checksum":"c5c552e77ace8ae4371bd7dda0273f8d"},{"path":"\/wx\/news.php","checksum":"11516e87c1f5867009aa290df7a2bb18"},{"path":"\/wx\/myorder.php","checksum":"d2b89b41cf1251f9bab30ed54c11ecfa"},{"path":"\/wx\/index.php","checksum":"a933f78e20b138c89003c687426fc729"},{"path":"\/wx\/group.php","checksum":"27787636890eabefdc85d9c022803b1f"},{"path":"\/wx\/details.php","checksum":"131a6432e2ea1ad0e687ba1c770fe8fe"},{"path":"\/wx\/recharge.php","checksum":"4b67083ba34694c4c9b92e706b3cec84"},{"path":"\/wx\/score.php","checksum":"63d84a4993e33f6a6720c33fccee47ec"},{"path":"\/wx\/sendmessage.php","checksum":"895a8200ab031d2ff17b4f2ec26b4430"},{"path":"\/wx\/style.php","checksum":"a8b8fe48e059402f80c24ab0540ba6e0"},{"path":"\/wx\/tabbar.php","checksum":"456b207e4a5e1d918b1ecec57d1e38fd"},{"path":"\/wx\/userinfo.php","checksum":"9db115889abe8c6b2044d951e273c3b8"},{"path":"\/wx\/user.php","checksum":"1b8c89902ef167ef08219a170c284024"}]